{
  "best_global_step": null,
  "best_metric": null,
  "best_model_checkpoint": null,
  "epoch": 0.17094017094017094,
  "eval_steps": 10,
  "global_step": 10,
  "is_hyper_param_search": false,
  "is_local_process_zero": true,
  "is_world_process_zero": true,
  "log_history": [
    {
      "entropy": 2.532423359155655,
      "epoch": 0.08547008547008547,
      "grad_norm": 2.0521912574768066,
      "learning_rate": 8.421052631578948e-05,
      "loss": 2.6626243591308594,
      "mean_token_accuracy": 0.5319760143756866,
      "num_tokens": 4297.0,
      "step": 5
    },
    {
      "entropy": 2.3821079552173616,
      "epoch": 0.17094017094017094,
      "grad_norm": 2.1552743911743164,
      "learning_rate": 5.789473684210527e-05,
      "loss": 2.387964630126953,
      "mean_token_accuracy": 0.5851232439279557,
      "num_tokens": 7887.0,
      "step": 10
    },
    {
      "epoch": 0.17094017094017094,
      "eval_entropy": 2.391477644443512,
      "eval_loss": 2.3283705711364746,
      "eval_mean_token_accuracy": 0.5938332378864288,
      "eval_num_tokens": 7887.0,
      "eval_runtime": 46.9685,
      "eval_samples_per_second": 0.554,
      "eval_steps_per_second": 0.085,
      "step": 10
    }
  ],
  "logging_steps": 5,
  "max_steps": 20,
  "num_input_tokens_seen": 0,
  "num_train_epochs": 1,
  "save_steps": 10,
  "stateful_callbacks": {
    "TrainerControl": {
      "args": {
        "should_epoch_stop": false,
        "should_evaluate": false,
        "should_log": false,
        "should_save": true,
        "should_training_stop": false
      },
      "attributes": {}
    }
  },
  "total_flos": 17769152054016.0,
  "train_batch_size": 1,
  "trial_name": null,
  "trial_params": null
}
