{
  "best_global_step": null,
  "best_metric": null,
  "best_model_checkpoint": null,
  "epoch": 0.17094017094017094,
  "eval_steps": 10,
  "global_step": 10,
  "is_hyper_param_search": false,
  "is_local_process_zero": true,
  "is_world_process_zero": true,
  "log_history": [
    {
      "entropy": 2.4694021463394167,
      "epoch": 0.08547008547008547,
      "grad_norm": 1.4621191024780273,
      "learning_rate": 0.00016842105263157895,
      "loss": 2.660659980773926,
      "mean_token_accuracy": 0.5388629078865051,
      "num_tokens": 4297.0,
      "step": 5
    },
    {
      "entropy": 2.2908895134925844,
      "epoch": 0.17094017094017094,
      "grad_norm": 1.6065690517425537,
      "learning_rate": 0.00011578947368421053,
      "loss": 2.3628561019897463,
      "mean_token_accuracy": 0.5947933256626129,
      "num_tokens": 7887.0,
      "step": 10
    },
    {
      "epoch": 0.17094017094017094,
      "eval_entropy": 2.3590184450149536,
      "eval_loss": 2.2864773273468018,
      "eval_mean_token_accuracy": 0.6026846319437027,
      "eval_num_tokens": 7887.0,
      "eval_runtime": 37.122,
      "eval_samples_per_second": 0.7,
      "eval_steps_per_second": 0.108,
      "step": 10
    }
  ],
  "logging_steps": 5,
  "max_steps": 20,
  "num_input_tokens_seen": 0,
  "num_train_epochs": 1,
  "save_steps": 10,
  "stateful_callbacks": {
    "TrainerControl": {
      "args": {
        "should_epoch_stop": false,
        "should_evaluate": false,
        "should_log": false,
        "should_save": true,
        "should_training_stop": false
      },
      "attributes": {}
    }
  },
  "total_flos": 20056821918720.0,
  "train_batch_size": 2,
  "trial_name": null,
  "trial_params": null
}
